{
  "sekai_time_lpips_1s": 0.41335317492485046,
  "sekai_time_dreamsim_1s": 0.28614577651023865,
  "sekai_time_lpips_2s": 0.498203843832016,
  "sekai_time_dreamsim_2s": 0.38222888112068176,
  "sekai_time_lpips_4s": 0.5783830285072327,
  "sekai_time_dreamsim_4s": 0.5004001259803772,
  "sekai_time_lpips_6s": 0.617516279220581,
  "sekai_time_dreamsim_6s": 0.5548672676086426,
  "sekai_time_lpips_8s": 0.6320928335189819,
  "sekai_time_dreamsim_8s": 0.5791625380516052,
  "sekai_time_fid_1s": 39.138885498046875,
  "sekai_time_fid_2s": 45.214813232421875,
  "sekai_time_fid_4s": 52.6051025390625,
  "sekai_time_fid_6s": 57.40972900390625,
  "sekai_time_fid_8s": 61.00299072265625,
  "sekai_rollout_1fps_lpips_1s": 0.4139867126941681,
  "sekai_rollout_1fps_dreamsim_1s": 0.28931987285614014,
  "sekai_rollout_1fps_lpips_2s": 0.5200569033622742,
  "sekai_rollout_1fps_dreamsim_2s": 0.412872314453125,
  "sekai_rollout_1fps_lpips_4s": 0.5937651991844177,
  "sekai_rollout_1fps_dreamsim_4s": 0.5275135636329651,
  "sekai_rollout_1fps_lpips_6s": 0.6231490969657898,
  "sekai_rollout_1fps_dreamsim_6s": 0.5802662968635559,
  "sekai_rollout_1fps_lpips_8s": 0.6364732384681702,
  "sekai_rollout_1fps_dreamsim_8s": 0.605381965637207,
  "sekai_rollout_1fps_fid_1s": 39.685028076171875,
  "sekai_rollout_1fps_fid_2s": 49.065338134765625,
  "sekai_rollout_1fps_fid_4s": 60.039794921875,
  "sekai_rollout_1fps_fid_6s": 64.76846313476562,
  "sekai_rollout_1fps_fid_8s": 68.03829956054688,
  "sekai_rollout_4fps_lpips_1s": 0.47177937626838684,
  "sekai_rollout_4fps_dreamsim_1s": 0.3623293340206146,
  "sekai_rollout_4fps_lpips_2s": 0.5612046718597412,
  "sekai_rollout_4fps_dreamsim_2s": 0.48841169476509094,
  "sekai_rollout_4fps_lpips_4s": 0.6218458414077759,
  "sekai_rollout_4fps_dreamsim_4s": 0.5936644077301025,
  "sekai_rollout_4fps_lpips_6s": 0.6428364515304565,
  "sekai_rollout_4fps_dreamsim_6s": 0.6326993107795715,
  "sekai_rollout_4fps_lpips_8s": 0.6522685885429382,
  "sekai_rollout_4fps_dreamsim_8s": 0.6473675966262817,
  "sekai_rollout_4fps_fid_1s": 46.92828369140625,
  "sekai_rollout_4fps_fid_2s": 61.673980712890625,
  "sekai_rollout_4fps_fid_4s": 76.74288940429688,
  "sekai_rollout_4fps_fid_6s": 83.80645751953125,
  "sekai_rollout_4fps_fid_8s": 86.51812744140625
}