{
  "sekai_time_lpips_1s": 0.3271472454071045,
  "sekai_time_dreamsim_1s": 0.22539880871772766,
  "sekai_time_lpips_2s": 0.4340856373310089,
  "sekai_time_dreamsim_2s": 0.3177654445171356,
  "sekai_time_lpips_4s": 0.5165306329727173,
  "sekai_time_dreamsim_4s": 0.4106276333332062,
  "sekai_time_lpips_6s": 0.5458027124404907,
  "sekai_time_dreamsim_6s": 0.4422444701194763,
  "sekai_time_lpips_8s": 0.5659301280975342,
  "sekai_time_dreamsim_8s": 0.47561290860176086,
  "sekai_time_fid_1s": 52.39654541015625,
  "sekai_time_fid_2s": 68.33470153808594,
  "sekai_time_fid_4s": 79.59281921386719,
  "sekai_time_fid_6s": 86.0528564453125,
  "sekai_time_fid_8s": 90.382080078125,
  "sekai_rollout_1fps_lpips_1s": 0.3233819901943207,
  "sekai_rollout_1fps_dreamsim_1s": 0.21974064409732819,
  "sekai_rollout_1fps_lpips_2s": 0.4450435936450958,
  "sekai_rollout_1fps_dreamsim_2s": 0.324973464012146,
  "sekai_rollout_1fps_lpips_4s": 0.537246823310852,
  "sekai_rollout_1fps_dreamsim_4s": 0.4387246072292328,
  "sekai_rollout_1fps_lpips_6s": 0.5735222101211548,
  "sekai_rollout_1fps_dreamsim_6s": 0.4871870279312134,
  "sekai_rollout_1fps_lpips_8s": 0.5897061228752136,
  "sekai_rollout_1fps_dreamsim_8s": 0.5090181231498718,
  "sekai_rollout_1fps_fid_1s": 49.848236083984375,
  "sekai_rollout_1fps_fid_2s": 68.06707763671875,
  "sekai_rollout_1fps_fid_4s": 84.08091735839844,
  "sekai_rollout_1fps_fid_6s": 90.32400512695312,
  "sekai_rollout_1fps_fid_8s": 91.80972290039062,
  "sekai_rollout_4fps_lpips_1s": 0.35620278120040894,
  "sekai_rollout_4fps_dreamsim_1s": 0.24123872816562653,
  "sekai_rollout_4fps_lpips_2s": 0.4574540853500366,
  "sekai_rollout_4fps_dreamsim_2s": 0.323813796043396,
  "sekai_rollout_4fps_lpips_4s": 0.5393701791763306,
  "sekai_rollout_4fps_dreamsim_4s": 0.4250325560569763,
  "sekai_rollout_4fps_lpips_6s": 0.5758266448974609,
  "sekai_rollout_4fps_dreamsim_6s": 0.4827215075492859,
  "sekai_rollout_4fps_lpips_8s": 0.5957185626029968,
  "sekai_rollout_4fps_dreamsim_8s": 0.5190178751945496,
  "sekai_rollout_4fps_fid_1s": 53.131103515625,
  "sekai_rollout_4fps_fid_2s": 65.52801513671875,
  "sekai_rollout_4fps_fid_4s": 78.84980773925781,
  "sekai_rollout_4fps_fid_6s": 86.857666015625,
  "sekai_rollout_4fps_fid_8s": 93.24404907226562
}