{
  "sekai_time_lpips_1s": 0.2299450933933258,
  "sekai_time_dreamsim_1s": 0.1349618136882782,
  "sekai_time_lpips_2s": 0.2907654047012329,
  "sekai_time_dreamsim_2s": 0.1555211991071701,
  "sekai_time_lpips_4s": 0.33466005325317383,
  "sekai_time_dreamsim_4s": 0.17602023482322693,
  "sekai_time_lpips_6s": 0.3453602194786072,
  "sekai_time_dreamsim_6s": 0.17904125154018402,
  "sekai_time_lpips_8s": 0.36610347032546997,
  "sekai_time_dreamsim_8s": 0.19065916538238525,
  "sekai_time_fid_1s": 22.665283203125,
  "sekai_time_fid_2s": 25.198822021484375,
  "sekai_time_fid_4s": 26.77667236328125,
  "sekai_time_fid_6s": 26.98583984375,
  "sekai_time_fid_8s": 28.173004150390625,
  "sekai_rollout_1fps_lpips_1s": 0.2313150018453598,
  "sekai_rollout_1fps_dreamsim_1s": 0.1359657198190689,
  "sekai_rollout_1fps_lpips_2s": 0.30987250804901123,
  "sekai_rollout_1fps_dreamsim_2s": 0.16484838724136353,
  "sekai_rollout_1fps_lpips_4s": 0.40201249718666077,
  "sekai_rollout_1fps_dreamsim_4s": 0.21332670748233795,
  "sekai_rollout_1fps_lpips_6s": 0.4532005190849304,
  "sekai_rollout_1fps_dreamsim_6s": 0.25777292251586914,
  "sekai_rollout_1fps_lpips_8s": 0.4867645800113678,
  "sekai_rollout_1fps_dreamsim_8s": 0.29134440422058105,
  "sekai_rollout_1fps_fid_1s": 22.348236083984375,
  "sekai_rollout_1fps_fid_2s": 25.716278076171875,
  "sekai_rollout_1fps_fid_4s": 28.86505126953125,
  "sekai_rollout_1fps_fid_6s": 31.1185302734375,
  "sekai_rollout_1fps_fid_8s": 33.58306884765625,
  "sekai_rollout_4fps_lpips_1s": 0.2660616934299469,
  "sekai_rollout_4fps_dreamsim_1s": 0.15006643533706665,
  "sekai_rollout_4fps_lpips_2s": 0.36255040764808655,
  "sekai_rollout_4fps_dreamsim_2s": 0.1918697953224182,
  "sekai_rollout_4fps_lpips_4s": 0.45622411370277405,
  "sekai_rollout_4fps_dreamsim_4s": 0.2643031179904938,
  "sekai_rollout_4fps_lpips_6s": 0.5015557408332825,
  "sekai_rollout_4fps_dreamsim_6s": 0.31772011518478394,
  "sekai_rollout_4fps_lpips_8s": 0.5319494605064392,
  "sekai_rollout_4fps_dreamsim_8s": 0.3637837767601013,
  "sekai_rollout_4fps_fid_1s": 24.317962646484375,
  "sekai_rollout_4fps_fid_2s": 28.016815185546875,
  "sekai_rollout_4fps_fid_4s": 31.2000732421875,
  "sekai_rollout_4fps_fid_6s": 34.17718505859375,
  "sekai_rollout_4fps_fid_8s": 36.500457763671875
}