{
  "sekai_time_lpips_1s": 0.2606980502605438,
  "sekai_time_dreamsim_1s": 0.1520375907421112,
  "sekai_time_lpips_2s": 0.34252220392227173,
  "sekai_time_dreamsim_2s": 0.19371865689754486,
  "sekai_time_lpips_4s": 0.4202539622783661,
  "sekai_time_dreamsim_4s": 0.2456289827823639,
  "sekai_time_lpips_6s": 0.45848986506462097,
  "sekai_time_dreamsim_6s": 0.28110000491142273,
  "sekai_time_lpips_8s": 0.4820585250854492,
  "sekai_time_dreamsim_8s": 0.30207568407058716,
  "sekai_time_fid_1s": 32.03521728515625,
  "sekai_time_fid_2s": 36.897003173828125,
  "sekai_time_fid_4s": 40.126861572265625,
  "sekai_time_fid_6s": 42.21331787109375,
  "sekai_time_fid_8s": 42.612152099609375,
  "sekai_rollout_1fps_lpips_1s": 0.25504904985427856,
  "sekai_rollout_1fps_dreamsim_1s": 0.14841733872890472,
  "sekai_rollout_1fps_lpips_2s": 0.3542912006378174,
  "sekai_rollout_1fps_dreamsim_2s": 0.2000446319580078,
  "sekai_rollout_1fps_lpips_4s": 0.4531296491622925,
  "sekai_rollout_1fps_dreamsim_4s": 0.265632688999176,
  "sekai_rollout_1fps_lpips_6s": 0.5009405612945557,
  "sekai_rollout_1fps_dreamsim_6s": 0.3114473819732666,
  "sekai_rollout_1fps_lpips_8s": 0.5318101644515991,
  "sekai_rollout_1fps_dreamsim_8s": 0.3450794219970703,
  "sekai_rollout_1fps_fid_1s": 31.8271484375,
  "sekai_rollout_1fps_fid_2s": 37.025054931640625,
  "sekai_rollout_1fps_fid_4s": 40.68975830078125,
  "sekai_rollout_1fps_fid_6s": 43.318145751953125,
  "sekai_rollout_1fps_fid_8s": 44.957794189453125,
  "sekai_rollout_4fps_lpips_1s": 0.28928661346435547,
  "sekai_rollout_4fps_dreamsim_1s": 0.16382664442062378,
  "sekai_rollout_4fps_lpips_2s": 0.3880574107170105,
  "sekai_rollout_4fps_dreamsim_2s": 0.21955916285514832,
  "sekai_rollout_4fps_lpips_4s": 0.47817879915237427,
  "sekai_rollout_4fps_dreamsim_4s": 0.2952995002269745,
  "sekai_rollout_4fps_lpips_6s": 0.5215311050415039,
  "sekai_rollout_4fps_dreamsim_6s": 0.3443412184715271,
  "sekai_rollout_4fps_lpips_8s": 0.5455523133277893,
  "sekai_rollout_4fps_dreamsim_8s": 0.38239431381225586,
  "sekai_rollout_4fps_fid_1s": 33.172515869140625,
  "sekai_rollout_4fps_fid_2s": 38.19580078125,
  "sekai_rollout_4fps_fid_4s": 42.47125244140625,
  "sekai_rollout_4fps_fid_6s": 45.37213134765625,
  "sekai_rollout_4fps_fid_8s": 47.46197509765625
}