{
  "sekai_time_lpips_1s": 0.41329309344291687,
  "sekai_time_dreamsim_1s": 0.3030272126197815,
  "sekai_time_lpips_2s": 0.5003290176391602,
  "sekai_time_dreamsim_2s": 0.4036480188369751,
  "sekai_time_lpips_4s": 0.564659059047699,
  "sekai_time_dreamsim_4s": 0.5051578879356384,
  "sekai_time_lpips_6s": 0.5987902879714966,
  "sekai_time_dreamsim_6s": 0.5560230016708374,
  "sekai_time_lpips_8s": 0.6152523756027222,
  "sekai_time_dreamsim_8s": 0.5754532814025879,
  "sekai_time_fid_1s": 73.17352294921875,
  "sekai_time_fid_2s": 93.03460693359375,
  "sekai_time_fid_4s": 104.16070556640625,
  "sekai_time_fid_6s": 110.65274047851562,
  "sekai_time_fid_8s": 108.92738342285156,
  "sekai_rollout_1fps_lpips_1s": 0.41399967670440674,
  "sekai_rollout_1fps_dreamsim_1s": 0.30603763461112976,
  "sekai_rollout_1fps_lpips_2s": 0.5182108879089355,
  "sekai_rollout_1fps_dreamsim_2s": 0.4348258972167969,
  "sekai_rollout_1fps_lpips_4s": 0.5837571024894714,
  "sekai_rollout_1fps_dreamsim_4s": 0.5391883254051208,
  "sekai_rollout_1fps_lpips_6s": 0.6085052490234375,
  "sekai_rollout_1fps_dreamsim_6s": 0.5819405317306519,
  "sekai_rollout_1fps_lpips_8s": 0.6228281259536743,
  "sekai_rollout_1fps_dreamsim_8s": 0.6038779020309448,
  "sekai_rollout_1fps_fid_1s": 75.56378173828125,
  "sekai_rollout_1fps_fid_2s": 100.999755859375,
  "sekai_rollout_1fps_fid_4s": 118.81985473632812,
  "sekai_rollout_1fps_fid_6s": 121.57266235351562,
  "sekai_rollout_1fps_fid_8s": 123.50807189941406,
  "sekai_rollout_4fps_lpips_1s": 0.47263556718826294,
  "sekai_rollout_4fps_dreamsim_1s": 0.3755388557910919,
  "sekai_rollout_4fps_lpips_2s": 0.5566574931144714,
  "sekai_rollout_4fps_dreamsim_2s": 0.49814385175704956,
  "sekai_rollout_4fps_lpips_4s": 0.6104549169540405,
  "sekai_rollout_4fps_dreamsim_4s": 0.593144416809082,
  "sekai_rollout_4fps_lpips_6s": 0.6300743222236633,
  "sekai_rollout_4fps_dreamsim_6s": 0.633071780204773,
  "sekai_rollout_4fps_lpips_8s": 0.6387493014335632,
  "sekai_rollout_4fps_dreamsim_8s": 0.6535149812698364,
  "sekai_rollout_4fps_fid_1s": 87.28663635253906,
  "sekai_rollout_4fps_fid_2s": 109.75413513183594,
  "sekai_rollout_4fps_fid_4s": 127.34403991699219,
  "sekai_rollout_4fps_fid_6s": 134.11874389648438,
  "sekai_rollout_4fps_fid_8s": 144.00460815429688
}