{
  "sekai_time_lpips_1s": 0.41143643856048584,
  "sekai_time_dreamsim_1s": 0.2943229675292969,
  "sekai_time_lpips_2s": 0.5056203603744507,
  "sekai_time_dreamsim_2s": 0.39640992879867554,
  "sekai_time_lpips_4s": 0.5750768780708313,
  "sekai_time_dreamsim_4s": 0.49142012000083923,
  "sekai_time_lpips_6s": 0.6104933619499207,
  "sekai_time_dreamsim_6s": 0.5465748310089111,
  "sekai_time_lpips_8s": 0.6286927461624146,
  "sekai_time_dreamsim_8s": 0.5769634246826172,
  "sekai_time_fid_1s": 49.170501708984375,
  "sekai_time_fid_2s": 58.62823486328125,
  "sekai_time_fid_4s": 62.896575927734375,
  "sekai_time_fid_6s": 66.35061645507812,
  "sekai_time_fid_8s": 71.6573486328125,
  "sekai_rollout_1fps_lpips_1s": 0.41700470447540283,
  "sekai_rollout_1fps_dreamsim_1s": 0.29126405715942383,
  "sekai_rollout_1fps_lpips_2s": 0.5211396813392639,
  "sekai_rollout_1fps_dreamsim_2s": 0.41570794582366943,
  "sekai_rollout_1fps_lpips_4s": 0.5951226353645325,
  "sekai_rollout_1fps_dreamsim_4s": 0.5292738080024719,
  "sekai_rollout_1fps_lpips_6s": 0.6215357780456543,
  "sekai_rollout_1fps_dreamsim_6s": 0.5761892199516296,
  "sekai_rollout_1fps_lpips_8s": 0.6355807185173035,
  "sekai_rollout_1fps_dreamsim_8s": 0.6021469235420227,
  "sekai_rollout_1fps_fid_1s": 50.359619140625,
  "sekai_rollout_1fps_fid_2s": 62.082611083984375,
  "sekai_rollout_1fps_fid_4s": 71.90603637695312,
  "sekai_rollout_1fps_fid_6s": 75.49032592773438,
  "sekai_rollout_1fps_fid_8s": 78.02459716796875,
  "sekai_rollout_4fps_lpips_1s": 0.47147616744041443,
  "sekai_rollout_4fps_dreamsim_1s": 0.36171576380729675,
  "sekai_rollout_4fps_lpips_2s": 0.5612127780914307,
  "sekai_rollout_4fps_dreamsim_2s": 0.4919925332069397,
  "sekai_rollout_4fps_lpips_4s": 0.6199877858161926,
  "sekai_rollout_4fps_dreamsim_4s": 0.5918616652488708,
  "sekai_rollout_4fps_lpips_6s": 0.6402395963668823,
  "sekai_rollout_4fps_dreamsim_6s": 0.6287853121757507,
  "sekai_rollout_4fps_lpips_8s": 0.6538969278335571,
  "sekai_rollout_4fps_dreamsim_8s": 0.6503430604934692,
  "sekai_rollout_4fps_fid_1s": 56.31231689453125,
  "sekai_rollout_4fps_fid_2s": 73.81298828125,
  "sekai_rollout_4fps_fid_4s": 88.75927734375,
  "sekai_rollout_4fps_fid_6s": 96.3489990234375,
  "sekai_rollout_4fps_fid_8s": 96.6519775390625
}